"REF_DATE","GEO","DGUID","Components","Unit of measure","UOM","UOM_ID","SCALAR_FACTOR","SCALAR_ID","VECTOR","COORDINATE","VALUE","STATUS","SYMBOL","TERMINATED","DECIMALS"
"2013-01","Canada","2016A000011124","Total, funds advanced, residential mortgages, insured","Dollars","Dollars","81","millions","6","v122667724","1.1.1","5880","","","","0"
"2013-02","Canada","2016A000011124","Total, funds advanced, residential mortgages, insured","Dollars","Dollars","81","millions","6","v122667724","1.1.1","6195","","","","0"
"2013-03","Canada","2016A000011124","Total, funds advanced, residential mortgages, insured","Dollars","Dollars","81","millions","6","v122667724","1.1.1","7259","","","","0"
"2013-04","Canada","2016A000011124","Total, funds advanced, residential mortgages, insured","Dollars","Dollars","81","millions","6","v122667724","1.1.1","9716","","","","0"
"2013-05","Canada","2016A000011124","Total, funds advanced, residential mortgages, insured","Dollars","Dollars","81","millions","6","v122667724","1.1.1","10519","","","","0"
"2013-06","Canada","2016A000011124","Total, funds advanced, residential mortgages, insured","Dollars","Dollars","81","millions","6","v122667724","1.1.1","10869","","","","0"
"2013-07","Canada","2016A000011124","Total, funds advanced, residential mortgages, insured","Dollars","Dollars","81","millions","6","v122667724","1.1.1","10373","","","","0"
"2013-08","Canada","2016A000011124","Total, funds advanced, residential mortgages, insured","Dollars","Dollars","81","millions","6","v122667724","1.1.1","9576","","","","0"
"2013-09","Canada","2016A000011124","Total, funds advanced, residential mortgages, insured","Dollars","Dollars","81","millions","6","v122667724","1.1.1","8046","","","","0"
"2013-10","Canada","2016A000011124","Total, funds advanced, residential mortgages, insured","Dollars","Dollars","81","millions","6","v122667724","1.1.1","7838","","","","0"
"2013-11","Canada","2016A000011124","Total, funds advanced, residential mortgages, insured","Dollars","Dollars","81","millions","6","v122667724","1.1.1","6973","","","","0"
"2013-12","Canada","2016A000011124","Total, funds advanced, residential mortgages, insured","Dollars","Dollars","81","millions","6","v122667724","1.1.1","6186","","","","0"
"2014-01","Canada","2016A000011124","Total, funds advanced, residential mortgages, insured","Dollars","Dollars","81","millions","6","v122667724","1.1.1","5694","","","","0"
"2014-02","Canada","2016A000011124","Total, funds advanced, residential mortgages, insured","Dollars","Dollars","81","millions","6","v122667724","1.1.1","6247","","","","0"
"2014-03","Canada","2016A000011124","Total, funds advanced, residential mortgages, insured","Dollars","Dollars","81","millions","6","v122667724","1.1.1","7155","","","","0"
"2014-04","Canada","2016A000011124","Total, funds advanced, residential mortgages, insured","Dollars","Dollars","81","millions","6","v122667724","1.1.1","8739","","","","0"
"2014-05","Canada","2016A000011124","Total, funds advanced, residential mortgages, insured","Dollars","Dollars","81","millions","6","v122667724","1.1.1","9994","","","","0"
"2014-06","Canada","2016A000011124","Total, funds advanced, residential mortgages, insured","Dollars","Dollars","81","millions","6","v122667724","1.1.1","10504","","","","0"
"2014-07","Canada","2016A000011124","Total, funds advanced, residential mortgages, insured","Dollars","Dollars","81","millions","6","v122667724","1.1.1","10125","","","","0"
"2014-08","Canada","2016A000011124","Total, funds advanced, residential mortgages, insured","Dollars","Dollars","81","millions","6","v122667724","1.1.1","9308","","","","0"
"2014-09","Canada","2016A000011124","Total, funds advanced, residential mortgages, insured","Dollars","Dollars","81","millions","6","v122667724","1.1.1","7944","","","","0"
"2014-10","Canada","2016A000011124","Total, funds advanced, residential mortgages, insured","Dollars","Dollars","81","millions","6","v122667724","1.1.1","8919","","","","0"
"2014-11","Canada","2016A000011124","Total, funds advanced, residential mortgages, insured","Dollars","Dollars","81","millions","6","v122667724","1.1.1","6981","","","","0"
"2014-12","Canada","2016A000011124","Total, funds advanced, residential mortgages, insured","Dollars","Dollars","81","millions","6","v122667724","1.1.1","7521","","","","0"
"2015-01","Canada","2016A000011124","Total, funds advanced, residential mortgages, insured","Dollars","Dollars","81","millions","6","v122667724","1.1.1","6137","","","","0"
"2015-02","Canada","2016A000011124","Total, funds advanced, residential mortgages, insured","Dollars","Dollars","81","millions","6","v122667724","1.1.1","7291","","","","0"
"2015-03","Canada","2016A000011124","Total, funds advanced, residential mortgages, insured","Dollars","Dollars","81","millions","6","v122667724","1.1.1","9019","","","","0"
"2015-04","Canada","2016A000011124","Total, funds advanced, residential mortgages, insured","Dollars","Dollars","81","millions","6","v122667724","1.1.1","11035","","","","0"
"2015-05","Canada","2016A000011124","Total, funds advanced, residential mortgages, insured","Dollars","Dollars","81","millions","6","v122667724","1.1.1","11366","","","","0"
"2015-06","Canada","2016A000011124","Total, funds advanced, residential mortgages, insured","Dollars","Dollars","81","millions","6","v122667724","1.1.1","13050","","","","0"
"2015-07","Canada","2016A000011124","Total, funds advanced, residential mortgages, insured","Dollars","Dollars","81","millions","6","v122667724","1.1.1","12236","","","","0"
"2015-08","Canada","2016A000011124","Total, funds advanced, residential mortgages, insured","Dollars","Dollars","81","millions","6","v122667724","1.1.1","10919","","","","0"
"2015-09","Canada","2016A000011124","Total, funds advanced, residential mortgages, insured","Dollars","Dollars","81","millions","6","v122667724","1.1.1","10490","","","","0"
"2015-10","Canada","2016A000011124","Total, funds advanced, residential mortgages, insured","Dollars","Dollars","81","millions","6","v122667724","1.1.1","11420","","","","0"
"2015-11","Canada","2016A000011124","Total, funds advanced, residential mortgages, insured","Dollars","Dollars","81","millions","6","v122667724","1.1.1","10750","","","","0"
"2015-12","Canada","2016A000011124","Total, funds advanced, residential mortgages, insured","Dollars","Dollars","81","millions","6","v122667724","1.1.1","11505","","","","0"
"2016-01","Canada","2016A000011124","Total, funds advanced, residential mortgages, insured","Dollars","Dollars","81","millions","6","v122667724","1.1.1","8430","","","","0"
"2016-02","Canada","2016A000011124","Total, funds advanced, residential mortgages, insured","Dollars","Dollars","81","millions","6","v122667724","1.1.1","8840","","","","0"
"2016-03","Canada","2016A000011124","Total, funds advanced, residential mortgages, insured","Dollars","Dollars","81","millions","6","v122667724","1.1.1","9748","","","","0"
"2016-04","Canada","2016A000011124","Total, funds advanced, residential mortgages, insured","Dollars","Dollars","81","millions","6","v122667724","1.1.1","11162","","","","0"
"2016-05","Canada","2016A000011124","Total, funds advanced, residential mortgages, insured","Dollars","Dollars","81","millions","6","v122667724","1.1.1","11595","","","","0"
"2016-06","Canada","2016A000011124","Total, funds advanced, residential mortgages, insured","Dollars","Dollars","81","millions","6","v122667724","1.1.1","13834","","","","0"
"2016-07","Canada","2016A000011124","Total, funds advanced, residential mortgages, insured","Dollars","Dollars","81","millions","6","v122667724","1.1.1","12569","","","","0"
"2016-08","Canada","2016A000011124","Total, funds advanced, residential mortgages, insured","Dollars","Dollars","81","millions","6","v122667724","1.1.1","11993","","","","0"
"2016-09","Canada","2016A000011124","Total, funds advanced, residential mortgages, insured","Dollars","Dollars","81","millions","6","v122667724","1.1.1","10941","","","","0"
"2016-10","Canada","2016A000011124","Total, funds advanced, residential mortgages, insured","Dollars","Dollars","81","millions","6","v122667724","1.1.1","9210","","","","0"
"2016-11","Canada","2016A000011124","Total, funds advanced, residential mortgages, insured","Dollars","Dollars","81","millions","6","v122667724","1.1.1","9509","","","","0"
"2016-12","Canada","2016A000011124","Total, funds advanced, residential mortgages, insured","Dollars","Dollars","81","millions","6","v122667724","1.1.1","9297","","","","0"
"2017-01","Canada","2016A000011124","Total, funds advanced, residential mortgages, insured","Dollars","Dollars","81","millions","6","v122667724","1.1.1","6140","","","","0"
"2017-02","Canada","2016A000011124","Total, funds advanced, residential mortgages, insured","Dollars","Dollars","81","millions","6","v122667724","1.1.1","5613","","","","0"
"2017-03","Canada","2016A000011124","Total, funds advanced, residential mortgages, insured","Dollars","Dollars","81","millions","6","v122667724","1.1.1","7113","","","","0"
"2017-04","Canada","2016A000011124","Total, funds advanced, residential mortgages, insured","Dollars","Dollars","81","millions","6","v122667724","1.1.1","7609","","","","0"
"2017-05","Canada","2016A000011124","Total, funds advanced, residential mortgages, insured","Dollars","Dollars","81","millions","6","v122667724","1.1.1","9288","","","","0"
"2017-06","Canada","2016A000011124","Total, funds advanced, residential mortgages, insured","Dollars","Dollars","81","millions","6","v122667724","1.1.1","11629","","","","0"
"2017-07","Canada","2016A000011124","Total, funds advanced, residential mortgages, insured","Dollars","Dollars","81","millions","6","v122667724","1.1.1","11901","","","","0"
"2017-08","Canada","2016A000011124","Total, funds advanced, residential mortgages, insured","Dollars","Dollars","81","millions","6","v122667724","1.1.1","11013","","","","0"
"2017-09","Canada","2016A000011124","Total, funds advanced, residential mortgages, insured","Dollars","Dollars","81","millions","6","v122667724","1.1.1","8191","","","","0"
"2017-10","Canada","2016A000011124","Total, funds advanced, residential mortgages, insured","Dollars","Dollars","81","millions","6","v122667724","1.1.1","8219","","","","0"
"2017-11","Canada","2016A000011124","Total, funds advanced, residential mortgages, insured","Dollars","Dollars","81","millions","6","v122667724","1.1.1","7107","","","","0"
"2017-12","Canada","2016A000011124","Total, funds advanced, residential mortgages, insured","Dollars","Dollars","81","millions","6","v122667724","1.1.1","6526","","","","0"
"2018-01","Canada","2016A000011124","Total, funds advanced, residential mortgages, insured","Dollars","Dollars","81","millions","6","v122667724","1.1.1","7230","","","","0"
"2018-02","Canada","2016A000011124","Total, funds advanced, residential mortgages, insured","Dollars","Dollars","81","millions","6","v122667724","1.1.1","8132","","","","0"
"2018-03","Canada","2016A000011124","Total, funds advanced, residential mortgages, insured","Dollars","Dollars","81","millions","6","v122667724","1.1.1","7880","","","","0"
"2018-04","Canada","2016A000011124","Total, funds advanced, residential mortgages, insured","Dollars","Dollars","81","millions","6","v122667724","1.1.1","8728","","","","0"
"2018-05","Canada","2016A000011124","Total, funds advanced, residential mortgages, insured","Dollars","Dollars","81","millions","6","v122667724","1.1.1","11461","","","","0"
"2018-06","Canada","2016A000011124","Total, funds advanced, residential mortgages, insured","Dollars","Dollars","81","millions","6","v122667724","1.1.1","12532","","","","0"
"2018-07","Canada","2016A000011124","Total, funds advanced, residential mortgages, insured","Dollars","Dollars","81","millions","6","v122667724","1.1.1","9982","","","","0"
"2018-08","Canada","2016A000011124","Total, funds advanced, residential mortgages, insured","Dollars","Dollars","81","millions","6","v122667724","1.1.1","9942","","","","0"
"2018-09","Canada","2016A000011124","Total, funds advanced, residential mortgages, insured","Dollars","Dollars","81","millions","6","v122667724","1.1.1","7687","","","","0"
"2018-10","Canada","2016A000011124","Total, funds advanced, residential mortgages, insured","Dollars","Dollars","81","millions","6","v122667724","1.1.1","8703","","","","0"
"2018-11","Canada","2016A000011124","Total, funds advanced, residential mortgages, insured","Dollars","Dollars","81","millions","6","v122667724","1.1.1","8609","","","","0"
"2018-12","Canada","2016A000011124","Total, funds advanced, residential mortgages, insured","Dollars","Dollars","81","millions","6","v122667724","1.1.1","6569","","","","0"
"2019-01","Canada","2016A000011124","Total, funds advanced, residential mortgages, insured","Dollars","Dollars","81","millions","6","v122667724","1.1.1","5916","","","","0"
"2019-02","Canada","2016A000011124","Total, funds advanced, residential mortgages, insured","Dollars","Dollars","81","millions","6","v122667724","1.1.1","5844","","","","0"
"2019-03","Canada","2016A000011124","Total, funds advanced, residential mortgages, insured","Dollars","Dollars","81","millions","6","v122667724","1.1.1","6529","","","","0"
"2019-04","Canada","2016A000011124","Total, funds advanced, residential mortgages, insured","Dollars","Dollars","81","millions","6","v122667724","1.1.1","8195","","","","0"
"2019-05","Canada","2016A000011124","Total, funds advanced, residential mortgages, insured","Dollars","Dollars","81","millions","6","v122667724","1.1.1","10357","","","","0"
"2019-06","Canada","2016A000011124","Total, funds advanced, residential mortgages, insured","Dollars","Dollars","81","millions","6","v122667724","1.1.1","11752","","","","0"
"2019-07","Canada","2016A000011124","Total, funds advanced, residential mortgages, insured","Dollars","Dollars","81","millions","6","v122667724","1.1.1","12310","","","","0"
"2019-08","Canada","2016A000011124","Total, funds advanced, residential mortgages, insured","Dollars","Dollars","81","millions","6","v122667724","1.1.1","11008","","","","0"
"2019-09","Canada","2016A000011124","Total, funds advanced, residential mortgages, insured","Dollars","Dollars","81","millions","6","v122667724","1.1.1","10072","","","","0"
"2019-10","Canada","2016A000011124","Total, funds advanced, residential mortgages, insured","Dollars","Dollars","81","millions","6","v122667724","1.1.1","10248","","","","0"
"2019-11","Canada","2016A000011124","Total, funds advanced, residential mortgages, insured","Dollars","Dollars","81","millions","6","v122667724","1.1.1","9744","","","","0"
"2019-12","Canada","2016A000011124","Total, funds advanced, residential mortgages, insured","Dollars","Dollars","81","millions","6","v122667724","1.1.1","8043","","","","0"
"2020-01","Canada","2016A000011124","Total, funds advanced, residential mortgages, insured","Dollars","Dollars","81","millions","6","v122667724","1.1.1","7572","","","","0"
"2020-02","Canada","2016A000011124","Total, funds advanced, residential mortgages, insured","Dollars","Dollars","81","millions","6","v122667724","1.1.1","7970","","","","0"
"2020-03","Canada","2016A000011124","Total, funds advanced, residential mortgages, insured","Dollars","Dollars","81","millions","6","v122667724","1.1.1","9483","","","","0"
"2020-04","Canada","2016A000011124","Total, funds advanced, residential mortgages, insured","Dollars","Dollars","81","millions","6","v122667724","1.1.1","11703","","","","0"
"2020-05","Canada","2016A000011124","Total, funds advanced, residential mortgages, insured","Dollars","Dollars","81","millions","6","v122667724","1.1.1","11741","","","","0"
"2020-06","Canada","2016A000011124","Total, funds advanced, residential mortgages, insured","Dollars","Dollars","81","millions","6","v122667724","1.1.1","13555","","","","0"
"2020-07","Canada","2016A000011124","Total, funds advanced, residential mortgages, insured","Dollars","Dollars","81","millions","6","v122667724","1.1.1","13099","","","","0"
"2020-08","Canada","2016A000011124","Total, funds advanced, residential mortgages, insured","Dollars","Dollars","81","millions","6","v122667724","1.1.1","13348","","","","0"
"2013-01","Canada","2016A000011124","Total, funds advanced, residential mortgages, uninsured","Dollars","Dollars","81","millions","6","v122667730","1.7.1","9995","","","","0"
"2013-02","Canada","2016A000011124","Total, funds advanced, residential mortgages, uninsured","Dollars","Dollars","81","millions","6","v122667730","1.7.1","9858","","","","0"
"2013-03","Canada","2016A000011124","Total, funds advanced, residential mortgages, uninsured","Dollars","Dollars","81","millions","6","v122667730","1.7.1","11546","","","","0"
"2013-04","Canada","2016A000011124","Total, funds advanced, residential mortgages, uninsured","Dollars","Dollars","81","millions","6","v122667730","1.7.1","14714","","","","0"
"2013-05","Canada","2016A000011124","Total, funds advanced, residential mortgages, uninsured","Dollars","Dollars","81","millions","6","v122667730","1.7.1","16888","","","","0"
"2013-06","Canada","2016A000011124","Total, funds advanced, residential mortgages, uninsured","Dollars","Dollars","81","millions","6","v122667730","1.7.1","18129","","","","0"
"2013-07","Canada","2016A000011124","Total, funds advanced, residential mortgages, uninsured","Dollars","Dollars","81","millions","6","v122667730","1.7.1","18806","","","","0"
"2013-08","Canada","2016A000011124","Total, funds advanced, residential mortgages, uninsured","Dollars","Dollars","81","millions","6","v122667730","1.7.1","16973","","","","0"
"2013-09","Canada","2016A000011124","Total, funds advanced, residential mortgages, uninsured","Dollars","Dollars","81","millions","6","v122667730","1.7.1","13941","","","","0"
"2013-10","Canada","2016A000011124","Total, funds advanced, residential mortgages, uninsured","Dollars","Dollars","81","millions","6","v122667730","1.7.1","13632","","","","0"
"2013-11","Canada","2016A000011124","Total, funds advanced, residential mortgages, uninsured","Dollars","Dollars","81","millions","6","v122667730","1.7.1","12470","","","","0"
"2013-12","Canada","2016A000011124","Total, funds advanced, residential mortgages, uninsured","Dollars","Dollars","81","millions","6","v122667730","1.7.1","11538","","","","0"
"2014-01","Canada","2016A000011124","Total, funds advanced, residential mortgages, uninsured","Dollars","Dollars","81","millions","6","v122667730","1.7.1","10697","","","","0"
"2014-02","Canada","2016A000011124","Total, funds advanced, residential mortgages, uninsured","Dollars","Dollars","81","millions","6","v122667730","1.7.1","10104","","","","0"
"2014-03","Canada","2016A000011124","Total, funds advanced, residential mortgages, uninsured","Dollars","Dollars","81","millions","6","v122667730","1.7.1","11393","","","","0"
"2014-04","Canada","2016A000011124","Total, funds advanced, residential mortgages, uninsured","Dollars","Dollars","81","millions","6","v122667730","1.7.1","13615","","","","0"
"2014-05","Canada","2016A000011124","Total, funds advanced, residential mortgages, uninsured","Dollars","Dollars","81","millions","6","v122667730","1.7.1","16302","","","","0"
"2014-06","Canada","2016A000011124","Total, funds advanced, residential mortgages, uninsured","Dollars","Dollars","81","millions","6","v122667730","1.7.1","17901","","","","0"
"2014-07","Canada","2016A000011124","Total, funds advanced, residential mortgages, uninsured","Dollars","Dollars","81","millions","6","v122667730","1.7.1","18528","","","","0"
"2014-08","Canada","2016A000011124","Total, funds advanced, residential mortgages, uninsured","Dollars","Dollars","81","millions","6","v122667730","1.7.1","16972","","","","0"
"2014-09","Canada","2016A000011124","Total, funds advanced, residential mortgages, uninsured","Dollars","Dollars","81","millions","6","v122667730","1.7.1","15480","","","","0"
"2014-10","Canada","2016A000011124","Total, funds advanced, residential mortgages, uninsured","Dollars","Dollars","81","millions","6","v122667730","1.7.1","16695","","","","0"
"2014-11","Canada","2016A000011124","Total, funds advanced, residential mortgages, uninsured","Dollars","Dollars","81","millions","6","v122667730","1.7.1","13855","","","","0"
"2014-12","Canada","2016A000011124","Total, funds advanced, residential mortgages, uninsured","Dollars","Dollars","81","millions","6","v122667730","1.7.1","14482","","","","0"
"2015-01","Canada","2016A000011124","Total, funds advanced, residential mortgages, uninsured","Dollars","Dollars","81","millions","6","v122667730","1.7.1","12480","","","","0"
"2015-02","Canada","2016A000011124","Total, funds advanced, residential mortgages, uninsured","Dollars","Dollars","81","millions","6","v122667730","1.7.1","12778","","","","0"
"2015-03","Canada","2016A000011124","Total, funds advanced, residential mortgages, uninsured","Dollars","Dollars","81","millions","6","v122667730","1.7.1","16882","","","","0"
"2015-04","Canada","2016A000011124","Total, funds advanced, residential mortgages, uninsured","Dollars","Dollars","81","millions","6","v122667730","1.7.1","19128","","","","0"
"2015-05","Canada","2016A000011124","Total, funds advanced, residential mortgages, uninsured","Dollars","Dollars","81","millions","6","v122667730","1.7.1","20179","","","","0"
"2015-06","Canada","2016A000011124","Total, funds advanced, residential mortgages, uninsured","Dollars","Dollars","81","millions","6","v122667730","1.7.1","24252","","","","0"
"2015-07","Canada","2016A000011124","Total, funds advanced, residential mortgages, uninsured","Dollars","Dollars","81","millions","6","v122667730","1.7.1","23114","","","","0"
"2015-08","Canada","2016A000011124","Total, funds advanced, residential mortgages, uninsured","Dollars","Dollars","81","millions","6","v122667730","1.7.1","21064","","","","0"
"2015-09","Canada","2016A000011124","Total, funds advanced, residential mortgages, uninsured","Dollars","Dollars","81","millions","6","v122667730","1.7.1","20992","","","","0"
"2015-10","Canada","2016A000011124","Total, funds advanced, residential mortgages, uninsured","Dollars","Dollars","81","millions","6","v122667730","1.7.1","20882","","","","0"
"2015-11","Canada","2016A000011124","Total, funds advanced, residential mortgages, uninsured","Dollars","Dollars","81","millions","6","v122667730","1.7.1","20576","","","","0"
"2015-12","Canada","2016A000011124","Total, funds advanced, residential mortgages, uninsured","Dollars","Dollars","81","millions","6","v122667730","1.7.1","20328","","","","0"
"2016-01","Canada","2016A000011124","Total, funds advanced, residential mortgages, uninsured","Dollars","Dollars","81","millions","6","v122667730","1.7.1","17185","","","","0"
"2016-02","Canada","2016A000011124","Total, funds advanced, residential mortgages, uninsured","Dollars","Dollars","81","millions","6","v122667730","1.7.1","16667","","","","0"
"2016-03","Canada","2016A000011124","Total, funds advanced, residential mortgages, uninsured","Dollars","Dollars","81","millions","6","v122667730","1.7.1","17878","","","","0"
"2016-04","Canada","2016A000011124","Total, funds advanced, residential mortgages, uninsured","Dollars","Dollars","81","millions","6","v122667730","1.7.1","20227","","","","0"
"2016-05","Canada","2016A000011124","Total, funds advanced, residential mortgages, uninsured","Dollars","Dollars","81","millions","6","v122667730","1.7.1","22884","","","","0"
"2016-06","Canada","2016A000011124","Total, funds advanced, residential mortgages, uninsured","Dollars","Dollars","81","millions","6","v122667730","1.7.1","26472","","","","0"
"2016-07","Canada","2016A000011124","Total, funds advanced, residential mortgages, uninsured","Dollars","Dollars","81","millions","6","v122667730","1.7.1","25686","","","","0"
"2016-08","Canada","2016A000011124","Total, funds advanced, residential mortgages, uninsured","Dollars","Dollars","81","millions","6","v122667730","1.7.1","25696","","","","0"
"2016-09","Canada","2016A000011124","Total, funds advanced, residential mortgages, uninsured","Dollars","Dollars","81","millions","6","v122667730","1.7.1","23199","","","","0"
"2016-10","Canada","2016A000011124","Total, funds advanced, residential mortgages, uninsured","Dollars","Dollars","81","millions","6","v122667730","1.7.1","19632","","","","0"
"2016-11","Canada","2016A000011124","Total, funds advanced, residential mortgages, uninsured","Dollars","Dollars","81","millions","6","v122667730","1.7.1","22829","","","","0"
"2016-12","Canada","2016A000011124","Total, funds advanced, residential mortgages, uninsured","Dollars","Dollars","81","millions","6","v122667730","1.7.1","20720","","","","0"
"2017-01","Canada","2016A000011124","Total, funds advanced, residential mortgages, uninsured","Dollars","Dollars","81","millions","6","v122667730","1.7.1","16175","","","","0"
"2017-02","Canada","2016A000011124","Total, funds advanced, residential mortgages, uninsured","Dollars","Dollars","81","millions","6","v122667730","1.7.1","14468","","","","0"
"2017-03","Canada","2016A000011124","Total, funds advanced, residential mortgages, uninsured","Dollars","Dollars","81","millions","6","v122667730","1.7.1","19075","","","","0"
"2017-04","Canada","2016A000011124","Total, funds advanced, residential mortgages, uninsured","Dollars","Dollars","81","millions","6","v122667730","1.7.1","18661","","","","0"
"2017-05","Canada","2016A000011124","Total, funds advanced, residential mortgages, uninsured","Dollars","Dollars","81","millions","6","v122667730","1.7.1","25002","","","","0"
"2017-06","Canada","2016A000011124","Total, funds advanced, residential mortgages, uninsured","Dollars","Dollars","81","millions","6","v122667730","1.7.1","29011","","","","0"
"2017-07","Canada","2016A000011124","Total, funds advanced, residential mortgages, uninsured","Dollars","Dollars","81","millions","6","v122667730","1.7.1","30529","","","","0"
"2017-08","Canada","2016A000011124","Total, funds advanced, residential mortgages, uninsured","Dollars","Dollars","81","millions","6","v122667730","1.7.1","29198","","","","0"
"2017-09","Canada","2016A000011124","Total, funds advanced, residential mortgages, uninsured","Dollars","Dollars","81","millions","6","v122667730","1.7.1","22739","","","","0"
"2017-10","Canada","2016A000011124","Total, funds advanced, residential mortgages, uninsured","Dollars","Dollars","81","millions","6","v122667730","1.7.1","22172","","","","0"
"2017-11","Canada","2016A000011124","Total, funds advanced, residential mortgages, uninsured","Dollars","Dollars","81","millions","6","v122667730","1.7.1","20067","","","","0"
"2017-12","Canada","2016A000011124","Total, funds advanced, residential mortgages, uninsured","Dollars","Dollars","81","millions","6","v122667730","1.7.1","18286","","","","0"
"2018-01","Canada","2016A000011124","Total, funds advanced, residential mortgages, uninsured","Dollars","Dollars","81","millions","6","v122667730","1.7.1","19752","","","","0"
"2018-02","Canada","2016A000011124","Total, funds advanced, residential mortgages, uninsured","Dollars","Dollars","81","millions","6","v122667730","1.7.1","17766","","","","0"
"2018-03","Canada","2016A000011124","Total, funds advanced, residential mortgages, uninsured","Dollars","Dollars","81","millions","6","v122667730","1.7.1","17839","","","","0"
"2018-04","Canada","2016A000011124","Total, funds advanced, residential mortgages, uninsured","Dollars","Dollars","81","millions","6","v122667730","1.7.1","19845","","","","0"
"2018-05","Canada","2016A000011124","Total, funds advanced, residential mortgages, uninsured","Dollars","Dollars","81","millions","6","v122667730","1.7.1","25468","","","","0"
"2018-06","Canada","2016A000011124","Total, funds advanced, residential mortgages, uninsured","Dollars","Dollars","81","millions","6","v122667730","1.7.1","27796","","","","0"
"2018-07","Canada","2016A000011124","Total, funds advanced, residential mortgages, uninsured","Dollars","Dollars","81","millions","6","v122667730","1.7.1","24846","","","","0"
"2018-08","Canada","2016A000011124","Total, funds advanced, residential mortgages, uninsured","Dollars","Dollars","81","millions","6","v122667730","1.7.1","24858","","","","0"
"2018-09","Canada","2016A000011124","Total, funds advanced, residential mortgages, uninsured","Dollars","Dollars","81","millions","6","v122667730","1.7.1","19475","","","","0"
"2018-10","Canada","2016A000011124","Total, funds advanced, residential mortgages, uninsured","Dollars","Dollars","81","millions","6","v122667730","1.7.1","22202","","","","0"
"2018-11","Canada","2016A000011124","Total, funds advanced, residential mortgages, uninsured","Dollars","Dollars","81","millions","6","v122667730","1.7.1","22803","","","","0"
"2018-12","Canada","2016A000011124","Total, funds advanced, residential mortgages, uninsured","Dollars","Dollars","81","millions","6","v122667730","1.7.1","18193","","","","0"
"2019-01","Canada","2016A000011124","Total, funds advanced, residential mortgages, uninsured","Dollars","Dollars","81","millions","6","v122667730","1.7.1","16193","","","","0"
"2019-02","Canada","2016A000011124","Total, funds advanced, residential mortgages, uninsured","Dollars","Dollars","81","millions","6","v122667730","1.7.1","14605","","","","0"
"2019-03","Canada","2016A000011124","Total, funds advanced, residential mortgages, uninsured","Dollars","Dollars","81","millions","6","v122667730","1.7.1","16940","","","","0"
"2019-04","Canada","2016A000011124","Total, funds advanced, residential mortgages, uninsured","Dollars","Dollars","81","millions","6","v122667730","1.7.1","20490","","","","0"
"2019-05","Canada","2016A000011124","Total, funds advanced, residential mortgages, uninsured","Dollars","Dollars","81","millions","6","v122667730","1.7.1","26363","","","","0"
"2019-06","Canada","2016A000011124","Total, funds advanced, residential mortgages, uninsured","Dollars","Dollars","81","millions","6","v122667730","1.7.1","29339","","","","0"
"2019-07","Canada","2016A000011124","Total, funds advanced, residential mortgages, uninsured","Dollars","Dollars","81","millions","6","v122667730","1.7.1","33458","","","","0"
"2019-08","Canada","2016A000011124","Total, funds advanced, residential mortgages, uninsured","Dollars","Dollars","81","millions","6","v122667730","1.7.1","31821","","","","0"
"2019-09","Canada","2016A000011124","Total, funds advanced, residential mortgages, uninsured","Dollars","Dollars","81","millions","6","v122667730","1.7.1","28385","","","","0"
"2019-10","Canada","2016A000011124","Total, funds advanced, residential mortgages, uninsured","Dollars","Dollars","81","millions","6","v122667730","1.7.1","30158","","","","0"
"2019-11","Canada","2016A000011124","Total, funds advanced, residential mortgages, uninsured","Dollars","Dollars","81","millions","6","v122667730","1.7.1","28199","","","","0"
"2019-12","Canada","2016A000011124","Total, funds advanced, residential mortgages, uninsured","Dollars","Dollars","81","millions","6","v122667730","1.7.1","25281","","","","0"
"2020-01","Canada","2016A000011124","Total, funds advanced, residential mortgages, uninsured","Dollars","Dollars","81","millions","6","v122667730","1.7.1","23105","","","","0"
"2020-02","Canada","2016A000011124","Total, funds advanced, residential mortgages, uninsured","Dollars","Dollars","81","millions","6","v122667730","1.7.1","22361","","","","0"
"2020-03","Canada","2016A000011124","Total, funds advanced, residential mortgages, uninsured","Dollars","Dollars","81","millions","6","v122667730","1.7.1","26327","","","","0"
"2020-04","Canada","2016A000011124","Total, funds advanced, residential mortgages, uninsured","Dollars","Dollars","81","millions","6","v122667730","1.7.1","29576","","","","0"
"2020-05","Canada","2016A000011124","Total, funds advanced, residential mortgages, uninsured","Dollars","Dollars","81","millions","6","v122667730","1.7.1","28143","","","","0"
"2020-06","Canada","2016A000011124","Total, funds advanced, residential mortgages, uninsured","Dollars","Dollars","81","millions","6","v122667730","1.7.1","29636","","","","0"
"2020-07","Canada","2016A000011124","Total, funds advanced, residential mortgages, uninsured","Dollars","Dollars","81","millions","6","v122667730","1.7.1","31355","","","","0"
"2020-08","Canada","2016A000011124","Total, funds advanced, residential mortgages, uninsured","Dollars","Dollars","81","millions","6","v122667730","1.7.1","32834","","","","0"
"2013-01","Canada","2016A000011124","Funds advanced for non-mortgage loans, personal loan plans, consumer credit, Of which are auto loans","Dollars","Dollars","81","millions","6","v122667754","1.31.1","","..","","","0"
"2013-02","Canada","2016A000011124","Funds advanced for non-mortgage loans, personal loan plans, consumer credit, Of which are auto loans","Dollars","Dollars","81","millions","6","v122667754","1.31.1","","..","","","0"
"2013-03","Canada","2016A000011124","Funds advanced for non-mortgage loans, personal loan plans, consumer credit, Of which are auto loans","Dollars","Dollars","81","millions","6","v122667754","1.31.1","","..","","","0"
"2013-04","Canada","2016A000011124","Funds advanced for non-mortgage loans, personal loan plans, consumer credit, Of which are auto loans","Dollars","Dollars","81","millions","6","v122667754","1.31.1","","..","","","0"
"2013-05","Canada","2016A000011124","Funds advanced for non-mortgage loans, personal loan plans, consumer credit, Of which are auto loans","Dollars","Dollars","81","millions","6","v122667754","1.31.1","","..","","","0"
"2013-06","Canada","2016A000011124","Funds advanced for non-mortgage loans, personal loan plans, consumer credit, Of which are auto loans","Dollars","Dollars","81","millions","6","v122667754","1.31.1","","..","","","0"
"2013-07","Canada","2016A000011124","Funds advanced for non-mortgage loans, personal loan plans, consumer credit, Of which are auto loans","Dollars","Dollars","81","millions","6","v122667754","1.31.1","","..","","","0"
"2013-08","Canada","2016A000011124","Funds advanced for non-mortgage loans, personal loan plans, consumer credit, Of which are auto loans","Dollars","Dollars","81","millions","6","v122667754","1.31.1","","..","","","0"
"2013-09","Canada","2016A000011124","Funds advanced for non-mortgage loans, personal loan plans, consumer credit, Of which are auto loans","Dollars","Dollars","81","millions","6","v122667754","1.31.1","","..","","","0"
"2013-10","Canada","2016A000011124","Funds advanced for non-mortgage loans, personal loan plans, consumer credit, Of which are auto loans","Dollars","Dollars","81","millions","6","v122667754","1.31.1","","..","","","0"
"2013-11","Canada","2016A000011124","Funds advanced for non-mortgage loans, personal loan plans, consumer credit, Of which are auto loans","Dollars","Dollars","81","millions","6","v122667754","1.31.1","","..","","","0"
"2013-12","Canada","2016A000011124","Funds advanced for non-mortgage loans, personal loan plans, consumer credit, Of which are auto loans","Dollars","Dollars","81","millions","6","v122667754","1.31.1","","..","","","0"
"2014-01","Canada","2016A000011124","Funds advanced for non-mortgage loans, personal loan plans, consumer credit, Of which are auto loans","Dollars","Dollars","81","millions","6","v122667754","1.31.1","","..","","","0"
"2014-02","Canada","2016A000011124","Funds advanced for non-mortgage loans, personal loan plans, consumer credit, Of which are auto loans","Dollars","Dollars","81","millions","6","v122667754","1.31.1","","..","","","0"
"2014-03","Canada","2016A000011124","Funds advanced for non-mortgage loans, personal loan plans, consumer credit, Of which are auto loans","Dollars","Dollars","81","millions","6","v122667754","1.31.1","","..","","","0"
"2014-04","Canada","2016A000011124","Funds advanced for non-mortgage loans, personal loan plans, consumer credit, Of which are auto loans","Dollars","Dollars","81","millions","6","v122667754","1.31.1","","..","","","0"
"2014-05","Canada","2016A000011124","Funds advanced for non-mortgage loans, personal loan plans, consumer credit, Of which are auto loans","Dollars","Dollars","81","millions","6","v122667754","1.31.1","","..","","","0"
"2014-06","Canada","2016A000011124","Funds advanced for non-mortgage loans, personal loan plans, consumer credit, Of which are auto loans","Dollars","Dollars","81","millions","6","v122667754","1.31.1","","..","","","0"
"2014-07","Canada","2016A000011124","Funds advanced for non-mortgage loans, personal loan plans, consumer credit, Of which are auto loans","Dollars","Dollars","81","millions","6","v122667754","1.31.1","","..","","","0"
"2014-08","Canada","2016A000011124","Funds advanced for non-mortgage loans, personal loan plans, consumer credit, Of which are auto loans","Dollars","Dollars","81","millions","6","v122667754","1.31.1","","..","","","0"
"2014-09","Canada","2016A000011124","Funds advanced for non-mortgage loans, personal loan plans, consumer credit, Of which are auto loans","Dollars","Dollars","81","millions","6","v122667754","1.31.1","","..","","","0"
"2014-10","Canada","2016A000011124","Funds advanced for non-mortgage loans, personal loan plans, consumer credit, Of which are auto loans","Dollars","Dollars","81","millions","6","v122667754","1.31.1","","..","","","0"
"2014-11","Canada","2016A000011124","Funds advanced for non-mortgage loans, personal loan plans, consumer credit, Of which are auto loans","Dollars","Dollars","81","millions","6","v122667754","1.31.1","","..","","","0"
"2014-12","Canada","2016A000011124","Funds advanced for non-mortgage loans, personal loan plans, consumer credit, Of which are auto loans","Dollars","Dollars","81","millions","6","v122667754","1.31.1","","..","","","0"
"2015-01","Canada","2016A000011124","Funds advanced for non-mortgage loans, personal loan plans, consumer credit, Of which are auto loans","Dollars","Dollars","81","millions","6","v122667754","1.31.1","","..","","","0"
"2015-02","Canada","2016A000011124","Funds advanced for non-mortgage loans, personal loan plans, consumer credit, Of which are auto loans","Dollars","Dollars","81","millions","6","v122667754","1.31.1","","..","","","0"
"2015-03","Canada","2016A000011124","Funds advanced for non-mortgage loans, personal loan plans, consumer credit, Of which are auto loans","Dollars","Dollars","81","millions","6","v122667754","1.31.1","","..","","","0"
"2015-04","Canada","2016A000011124","Funds advanced for non-mortgage loans, personal loan plans, consumer credit, Of which are auto loans","Dollars","Dollars","81","millions","6","v122667754","1.31.1","","..","","","0"
"2015-05","Canada","2016A000011124","Funds advanced for non-mortgage loans, personal loan plans, consumer credit, Of which are auto loans","Dollars","Dollars","81","millions","6","v122667754","1.31.1","","..","","","0"
"2015-06","Canada","2016A000011124","Funds advanced for non-mortgage loans, personal loan plans, consumer credit, Of which are auto loans","Dollars","Dollars","81","millions","6","v122667754","1.31.1","","..","","","0"
"2015-07","Canada","2016A000011124","Funds advanced for non-mortgage loans, personal loan plans, consumer credit, Of which are auto loans","Dollars","Dollars","81","millions","6","v122667754","1.31.1","","..","","","0"
"2015-08","Canada","2016A000011124","Funds advanced for non-mortgage loans, personal loan plans, consumer credit, Of which are auto loans","Dollars","Dollars","81","millions","6","v122667754","1.31.1","","..","","","0"
"2015-09","Canada","2016A000011124","Funds advanced for non-mortgage loans, personal loan plans, consumer credit, Of which are auto loans","Dollars","Dollars","81","millions","6","v122667754","1.31.1","","..","","","0"
"2015-10","Canada","2016A000011124","Funds advanced for non-mortgage loans, personal loan plans, consumer credit, Of which are auto loans","Dollars","Dollars","81","millions","6","v122667754","1.31.1","","..","","","0"
"2015-11","Canada","2016A000011124","Funds advanced for non-mortgage loans, personal loan plans, consumer credit, Of which are auto loans","Dollars","Dollars","81","millions","6","v122667754","1.31.1","","..","","","0"
"2015-12","Canada","2016A000011124","Funds advanced for non-mortgage loans, personal loan plans, consumer credit, Of which are auto loans","Dollars","Dollars","81","millions","6","v122667754","1.31.1","","..","","","0"
"2016-01","Canada","2016A000011124","Funds advanced for non-mortgage loans, personal loan plans, consumer credit, Of which are auto loans","Dollars","Dollars","81","millions","6","v122667754","1.31.1","","..","","","0"
"2016-02","Canada","2016A000011124","Funds advanced for non-mortgage loans, personal loan plans, consumer credit, Of which are auto loans","Dollars","Dollars","81","millions","6","v122667754","1.31.1","","..","","","0"
"2016-03","Canada","2016A000011124","Funds advanced for non-mortgage loans, personal loan plans, consumer credit, Of which are auto loans","Dollars","Dollars","81","millions","6","v122667754","1.31.1","","..","","","0"
"2016-04","Canada","2016A000011124","Funds advanced for non-mortgage loans, personal loan plans, consumer credit, Of which are auto loans","Dollars","Dollars","81","millions","6","v122667754","1.31.1","","..","","","0"
"2016-05","Canada","2016A000011124","Funds advanced for non-mortgage loans, personal loan plans, consumer credit, Of which are auto loans","Dollars","Dollars","81","millions","6","v122667754","1.31.1","","..","","","0"
"2016-06","Canada","2016A000011124","Funds advanced for non-mortgage loans, personal loan plans, consumer credit, Of which are auto loans","Dollars","Dollars","81","millions","6","v122667754","1.31.1","","..","","","0"
"2016-07","Canada","2016A000011124","Funds advanced for non-mortgage loans, personal loan plans, consumer credit, Of which are auto loans","Dollars","Dollars","81","millions","6","v122667754","1.31.1","2747","","","","0"
"2016-08","Canada","2016A000011124","Funds advanced for non-mortgage loans, personal loan plans, consumer credit, Of which are auto loans","Dollars","Dollars","81","millions","6","v122667754","1.31.1","2937","","","","0"
"2016-09","Canada","2016A000011124","Funds advanced for non-mortgage loans, personal loan plans, consumer credit, Of which are auto loans","Dollars","Dollars","81","millions","6","v122667754","1.31.1","2530","","","","0"
"2016-10","Canada","2016A000011124","Funds advanced for non-mortgage loans, personal loan plans, consumer credit, Of which are auto loans","Dollars","Dollars","81","millions","6","v122667754","1.31.1","2318","","","","0"
"2016-11","Canada","2016A000011124","Funds advanced for non-mortgage loans, personal loan plans, consumer credit, Of which are auto loans","Dollars","Dollars","81","millions","6","v122667754","1.31.1","2331","","","","0"
"2016-12","Canada","2016A000011124","Funds advanced for non-mortgage loans, personal loan plans, consumer credit, Of which are auto loans","Dollars","Dollars","81","millions","6","v122667754","1.31.1","1979","","","","0"
"2017-01","Canada","2016A000011124","Funds advanced for non-mortgage loans, personal loan plans, consumer credit, Of which are auto loans","Dollars","Dollars","81","millions","6","v122667754","1.31.1","1998","","","","0"
"2017-02","Canada","2016A000011124","Funds advanced for non-mortgage loans, personal loan plans, consumer credit, Of which are auto loans","Dollars","Dollars","81","millions","6","v122667754","1.31.1","1951","","","","0"
"2017-03","Canada","2016A000011124","Funds advanced for non-mortgage loans, personal loan plans, consumer credit, Of which are auto loans","Dollars","Dollars","81","millions","6","v122667754","1.31.1","2773","","","","0"
"2017-04","Canada","2016A000011124","Funds advanced for non-mortgage loans, personal loan plans, consumer credit, Of which are auto loans","Dollars","Dollars","81","millions","6","v122667754","1.31.1","2796","","","","0"
"2017-05","Canada","2016A000011124","Funds advanced for non-mortgage loans, personal loan plans, consumer credit, Of which are auto loans","Dollars","Dollars","81","millions","6","v122667754","1.31.1","3485","","","","0"
"2017-06","Canada","2016A000011124","Funds advanced for non-mortgage loans, personal loan plans, consumer credit, Of which are auto loans","Dollars","Dollars","81","millions","6","v122667754","1.31.1","3400","","","","0"
"2017-07","Canada","2016A000011124","Funds advanced for non-mortgage loans, personal loan plans, consumer credit, Of which are auto loans","Dollars","Dollars","81","millions","6","v122667754","1.31.1","3107","","","","0"
"2017-08","Canada","2016A000011124","Funds advanced for non-mortgage loans, personal loan plans, consumer credit, Of which are auto loans","Dollars","Dollars","81","millions","6","v122667754","1.31.1","3196","","","","0"
"2017-09","Canada","2016A000011124","Funds advanced for non-mortgage loans, personal loan plans, consumer credit, Of which are auto loans","Dollars","Dollars","81","millions","6","v122667754","1.31.1","2905","","","","0"
"2017-10","Canada","2016A000011124","Funds advanced for non-mortgage loans, personal loan plans, consumer credit, Of which are auto loans","Dollars","Dollars","81","millions","6","v122667754","1.31.1","2945","","","","0"
"2017-11","Canada","2016A000011124","Funds advanced for non-mortgage loans, personal loan plans, consumer credit, Of which are auto loans","Dollars","Dollars","81","millions","6","v122667754","1.31.1","2672","","","","0"
"2017-12","Canada","2016A000011124","Funds advanced for non-mortgage loans, personal loan plans, consumer credit, Of which are auto loans","Dollars","Dollars","81","millions","6","v122667754","1.31.1","2109","","","","0"
"2018-01","Canada","2016A000011124","Funds advanced for non-mortgage loans, personal loan plans, consumer credit, Of which are auto loans","Dollars","Dollars","81","millions","6","v122667754","1.31.1","2247","","","","0"
"2018-02","Canada","2016A000011124","Funds advanced for non-mortgage loans, personal loan plans, consumer credit, Of which are auto loans","Dollars","Dollars","81","millions","6","v122667754","1.31.1","1997","","","","0"
"2018-03","Canada","2016A000011124","Funds advanced for non-mortgage loans, personal loan plans, consumer credit, Of which are auto loans","Dollars","Dollars","81","millions","6","v122667754","1.31.1","2592","","","","0"
"2018-04","Canada","2016A000011124","Funds advanced for non-mortgage loans, personal loan plans, consumer credit, Of which are auto loans","Dollars","Dollars","81","millions","6","v122667754","1.31.1","2949","","","","0"
"2018-05","Canada","2016A000011124","Funds advanced for non-mortgage loans, personal loan plans, consumer credit, Of which are auto loans","Dollars","Dollars","81","millions","6","v122667754","1.31.1","3340","","","","0"
"2018-06","Canada","2016A000011124","Funds advanced for non-mortgage loans, personal loan plans, consumer credit, Of which are auto loans","Dollars","Dollars","81","millions","6","v122667754","1.31.1","3288","","","","0"
"2018-07","Canada","2016A000011124","Funds advanced for non-mortgage loans, personal loan plans, consumer credit, Of which are auto loans","Dollars","Dollars","81","millions","6","v122667754","1.31.1","3285","","","","0"
"2018-08","Canada","2016A000011124","Funds advanced for non-mortgage loans, personal loan plans, consumer credit, Of which are auto loans","Dollars","Dollars","81","millions","6","v122667754","1.31.1","3308","","","","0"
"2018-09","Canada","2016A000011124","Funds advanced for non-mortgage loans, personal loan plans, consumer credit, Of which are auto loans","Dollars","Dollars","81","millions","6","v122667754","1.31.1","2769","","","","0"
"2018-10","Canada","2016A000011124","Funds advanced for non-mortgage loans, personal loan plans, consumer credit, Of which are auto loans","Dollars","Dollars","81","millions","6","v122667754","1.31.1","3073","","","","0"
"2018-11","Canada","2016A000011124","Funds advanced for non-mortgage loans, personal loan plans, consumer credit, Of which are auto loans","Dollars","Dollars","81","millions","6","v122667754","1.31.1","2512","","","","0"
"2018-12","Canada","2016A000011124","Funds advanced for non-mortgage loans, personal loan plans, consumer credit, Of which are auto loans","Dollars","Dollars","81","millions","6","v122667754","1.31.1","2005","","","","0"
"2019-01","Canada","2016A000011124","Funds advanced for non-mortgage loans, personal loan plans, consumer credit, Of which are auto loans","Dollars","Dollars","81","millions","6","v122667754","1.31.1","2156","","","","0"
"2019-02","Canada","2016A000011124","Funds advanced for non-mortgage loans, personal loan plans, consumer credit, Of which are auto loans","Dollars","Dollars","81","millions","6","v122667754","1.31.1","2114","","","","0"
"2019-03","Canada","2016A000011124","Funds advanced for non-mortgage loans, personal loan plans, consumer credit, Of which are auto loans","Dollars","Dollars","81","millions","6","v122667754","1.31.1","2655","","","","0"
"2019-04","Canada","2016A000011124","Funds advanced for non-mortgage loans, personal loan plans, consumer credit, Of which are auto loans","Dollars","Dollars","81","millions","6","v122667754","1.31.1","3104","","","","0"
"2019-05","Canada","2016A000011124","Funds advanced for non-mortgage loans, personal loan plans, consumer credit, Of which are auto loans","Dollars","Dollars","81","millions","6","v122667754","1.31.1","3490","","","","0"
"2019-06","Canada","2016A000011124","Funds advanced for non-mortgage loans, personal loan plans, consumer credit, Of which are auto loans","Dollars","Dollars","81","millions","6","v122667754","1.31.1","3134","","","","0"
"2019-07","Canada","2016A000011124","Funds advanced for non-mortgage loans, personal loan plans, consumer credit, Of which are auto loans","Dollars","Dollars","81","millions","6","v122667754","1.31.1","3723","","","","0"
"2019-08","Canada","2016A000011124","Funds advanced for non-mortgage loans, personal loan plans, consumer credit, Of which are auto loans","Dollars","Dollars","81","millions","6","v122667754","1.31.1","3577","","","","0"
"2019-09","Canada","2016A000011124","Funds advanced for non-mortgage loans, personal loan plans, consumer credit, Of which are auto loans","Dollars","Dollars","81","millions","6","v122667754","1.31.1","3242","","","","0"
"2019-10","Canada","2016A000011124","Funds advanced for non-mortgage loans, personal loan plans, consumer credit, Of which are auto loans","Dollars","Dollars","81","millions","6","v122667754","1.31.1","3219","","","","0"
"2019-11","Canada","2016A000011124","Funds advanced for non-mortgage loans, personal loan plans, consumer credit, Of which are auto loans","Dollars","Dollars","81","millions","6","v122667754","1.31.1","2708","","","","0"
"2019-12","Canada","2016A000011124","Funds advanced for non-mortgage loans, personal loan plans, consumer credit, Of which are auto loans","Dollars","Dollars","81","millions","6","v122667754","1.31.1","2444","","","","0"
"2020-01","Canada","2016A000011124","Funds advanced for non-mortgage loans, personal loan plans, consumer credit, Of which are auto loans","Dollars","Dollars","81","millions","6","v122667754","1.31.1","2414","","","","0"
"2020-02","Canada","2016A000011124","Funds advanced for non-mortgage loans, personal loan plans, consumer credit, Of which are auto loans","Dollars","Dollars","81","millions","6","v122667754","1.31.1","2447","","","","0"
"2020-03","Canada","2016A000011124","Funds advanced for non-mortgage loans, personal loan plans, consumer credit, Of which are auto loans","Dollars","Dollars","81","millions","6","v122667754","1.31.1","2542","","","","0"
"2020-04","Canada","2016A000011124","Funds advanced for non-mortgage loans, personal loan plans, consumer credit, Of which are auto loans","Dollars","Dollars","81","millions","6","v122667754","1.31.1","1017","","","","0"
"2020-05","Canada","2016A000011124","Funds advanced for non-mortgage loans, personal loan plans, consumer credit, Of which are auto loans","Dollars","Dollars","81","millions","6","v122667754","1.31.1","2119","","","","0"
"2020-06","Canada","2016A000011124","Funds advanced for non-mortgage loans, personal loan plans, consumer credit, Of which are auto loans","Dollars","Dollars","81","millions","6","v122667754","1.31.1","3624","","","","0"
"2020-07","Canada","2016A000011124","Funds advanced for non-mortgage loans, personal loan plans, consumer credit, Of which are auto loans","Dollars","Dollars","81","millions","6","v122667754","1.31.1","4111","","","","0"
"2020-08","Canada","2016A000011124","Funds advanced for non-mortgage loans, personal loan plans, consumer credit, Of which are auto loans","Dollars","Dollars","81","millions","6","v122667754","1.31.1","3544","","","","0"
"2013-01","Canada","2016A000011124","Outstanding balances for non-mortgage loans, consumer credit, personal loan plans, Of which are auto loans","Dollars","Dollars","81","millions","6","v122667760","1.37.1","","..","","","0"
"2013-02","Canada","2016A000011124","Outstanding balances for non-mortgage loans, consumer credit, personal loan plans, Of which are auto loans","Dollars","Dollars","81","millions","6","v122667760","1.37.1","","..","","","0"
"2013-03","Canada","2016A000011124","Outstanding balances for non-mortgage loans, consumer credit, personal loan plans, Of which are auto loans","Dollars","Dollars","81","millions","6","v122667760","1.37.1","","..","","","0"
"2013-04","Canada","2016A000011124","Outstanding balances for non-mortgage loans, consumer credit, personal loan plans, Of which are auto loans","Dollars","Dollars","81","millions","6","v122667760","1.37.1","","..","","","0"
"2013-05","Canada","2016A000011124","Outstanding balances for non-mortgage loans, consumer credit, personal loan plans, Of which are auto loans","Dollars","Dollars","81","millions","6","v122667760","1.37.1","","..","","","0"
"2013-06","Canada","2016A000011124","Outstanding balances for non-mortgage loans, consumer credit, personal loan plans, Of which are auto loans","Dollars","Dollars","81","millions","6","v122667760","1.37.1","","..","","","0"
"2013-07","Canada","2016A000011124","Outstanding balances for non-mortgage loans, consumer credit, personal loan plans, Of which are auto loans","Dollars","Dollars","81","millions","6","v122667760","1.37.1","","..","","","0"
"2013-08","Canada","2016A000011124","Outstanding balances for non-mortgage loans, consumer credit, personal loan plans, Of which are auto loans","Dollars","Dollars","81","millions","6","v122667760","1.37.1","","..","","","0"
"2013-09","Canada","2016A000011124","Outstanding balances for non-mortgage loans, consumer credit, personal loan plans, Of which are auto loans","Dollars","Dollars","81","millions","6","v122667760","1.37.1","","..","","","0"
"2013-10","Canada","2016A000011124","Outstanding balances for non-mortgage loans, consumer credit, personal loan plans, Of which are auto loans","Dollars","Dollars","81","millions","6","v122667760","1.37.1","","..","","","0"
"2013-11","Canada","2016A000011124","Outstanding balances for non-mortgage loans, consumer credit, personal loan plans, Of which are auto loans","Dollars","Dollars","81","millions","6","v122667760","1.37.1","","..","","","0"
"2013-12","Canada","2016A000011124","Outstanding balances for non-mortgage loans, consumer credit, personal loan plans, Of which are auto loans","Dollars","Dollars","81","millions","6","v122667760","1.37.1","","..","","","0"
"2014-01","Canada","2016A000011124","Outstanding balances for non-mortgage loans, consumer credit, personal loan plans, Of which are auto loans","Dollars","Dollars","81","millions","6","v122667760","1.37.1","","..","","","0"
"2014-02","Canada","2016A000011124","Outstanding balances for non-mortgage loans, consumer credit, personal loan plans, Of which are auto loans","Dollars","Dollars","81","millions","6","v122667760","1.37.1","","..","","","0"
"2014-03","Canada","2016A000011124","Outstanding balances for non-mortgage loans, consumer credit, personal loan plans, Of which are auto loans","Dollars","Dollars","81","millions","6","v122667760","1.37.1","","..","","","0"
"2014-04","Canada","2016A000011124","Outstanding balances for non-mortgage loans, consumer credit, personal loan plans, Of which are auto loans","Dollars","Dollars","81","millions","6","v122667760","1.37.1","","..","","","0"
"2014-05","Canada","2016A000011124","Outstanding balances for non-mortgage loans, consumer credit, personal loan plans, Of which are auto loans","Dollars","Dollars","81","millions","6","v122667760","1.37.1","","..","","","0"
"2014-06","Canada","2016A000011124","Outstanding balances for non-mortgage loans, consumer credit, personal loan plans, Of which are auto loans","Dollars","Dollars","81","millions","6","v122667760","1.37.1","","..","","","0"
"2014-07","Canada","2016A000011124","Outstanding balances for non-mortgage loans, consumer credit, personal loan plans, Of which are auto loans","Dollars","Dollars","81","millions","6","v122667760","1.37.1","","..","","","0"
"2014-08","Canada","2016A000011124","Outstanding balances for non-mortgage loans, consumer credit, personal loan plans, Of which are auto loans","Dollars","Dollars","81","millions","6","v122667760","1.37.1","","..","","","0"
"2014-09","Canada","2016A000011124","Outstanding balances for non-mortgage loans, consumer credit, personal loan plans, Of which are auto loans","Dollars","Dollars","81","millions","6","v122667760","1.37.1","","..","","","0"
"2014-10","Canada","2016A000011124","Outstanding balances for non-mortgage loans, consumer credit, personal loan plans, Of which are auto loans","Dollars","Dollars","81","millions","6","v122667760","1.37.1","","..","","","0"
"2014-11","Canada","2016A000011124","Outstanding balances for non-mortgage loans, consumer credit, personal loan plans, Of which are auto loans","Dollars","Dollars","81","millions","6","v122667760","1.37.1","","..","","","0"
"2014-12","Canada","2016A000011124","Outstanding balances for non-mortgage loans, consumer credit, personal loan plans, Of which are auto loans","Dollars","Dollars","81","millions","6","v122667760","1.37.1","","..","","","0"
"2015-01","Canada","2016A000011124","Outstanding balances for non-mortgage loans, consumer credit, personal loan plans, Of which are auto loans","Dollars","Dollars","81","millions","6","v122667760","1.37.1","","..","","","0"
"2015-02","Canada","2016A000011124","Outstanding balances for non-mortgage loans, consumer credit, personal loan plans, Of which are auto loans","Dollars","Dollars","81","millions","6","v122667760","1.37.1","","..","","","0"
"2015-03","Canada","2016A000011124","Outstanding balances for non-mortgage loans, consumer credit, personal loan plans, Of which are auto loans","Dollars","Dollars","81","millions","6","v122667760","1.37.1","","..","","","0"
"2015-04","Canada","2016A000011124","Outstanding balances for non-mortgage loans, consumer credit, personal loan plans, Of which are auto loans","Dollars","Dollars","81","millions","6","v122667760","1.37.1","","..","","","0"
"2015-05","Canada","2016A000011124","Outstanding balances for non-mortgage loans, consumer credit, personal loan plans, Of which are auto loans","Dollars","Dollars","81","millions","6","v122667760","1.37.1","","..","","","0"
"2015-06","Canada","2016A000011124","Outstanding balances for non-mortgage loans, consumer credit, personal loan plans, Of which are auto loans","Dollars","Dollars","81","millions","6","v122667760","1.37.1","","..","","","0"
"2015-07","Canada","2016A000011124","Outstanding balances for non-mortgage loans, consumer credit, personal loan plans, Of which are auto loans","Dollars","Dollars","81","millions","6","v122667760","1.37.1","","..","","","0"
"2015-08","Canada","2016A000011124","Outstanding balances for non-mortgage loans, consumer credit, personal loan plans, Of which are auto loans","Dollars","Dollars","81","millions","6","v122667760","1.37.1","","..","","","0"
"2015-09","Canada","2016A000011124","Outstanding balances for non-mortgage loans, consumer credit, personal loan plans, Of which are auto loans","Dollars","Dollars","81","millions","6","v122667760","1.37.1","","..","","","0"
"2015-10","Canada","2016A000011124","Outstanding balances for non-mortgage loans, consumer credit, personal loan plans, Of which are auto loans","Dollars","Dollars","81","millions","6","v122667760","1.37.1","","..","","","0"
"2015-11","Canada","2016A000011124","Outstanding balances for non-mortgage loans, consumer credit, personal loan plans, Of which are auto loans","Dollars","Dollars","81","millions","6","v122667760","1.37.1","","..","","","0"
"2015-12","Canada","2016A000011124","Outstanding balances for non-mortgage loans, consumer credit, personal loan plans, Of which are auto loans","Dollars","Dollars","81","millions","6","v122667760","1.37.1","","..","","","0"
"2016-01","Canada","2016A000011124","Outstanding balances for non-mortgage loans, consumer credit, personal loan plans, Of which are auto loans","Dollars","Dollars","81","millions","6","v122667760","1.37.1","","..","","","0"
"2016-02","Canada","2016A000011124","Outstanding balances for non-mortgage loans, consumer credit, personal loan plans, Of which are auto loans","Dollars","Dollars","81","millions","6","v122667760","1.37.1","","..","","","0"
"2016-03","Canada","2016A000011124","Outstanding balances for non-mortgage loans, consumer credit, personal loan plans, Of which are auto loans","Dollars","Dollars","81","millions","6","v122667760","1.37.1","","..","","","0"
"2016-04","Canada","2016A000011124","Outstanding balances for non-mortgage loans, consumer credit, personal loan plans, Of which are auto loans","Dollars","Dollars","81","millions","6","v122667760","1.37.1","","..","","","0"
"2016-05","Canada","2016A000011124","Outstanding balances for non-mortgage loans, consumer credit, personal loan plans, Of which are auto loans","Dollars","Dollars","81","millions","6","v122667760","1.37.1","","..","","","0"
"2016-06","Canada","2016A000011124","Outstanding balances for non-mortgage loans, consumer credit, personal loan plans, Of which are auto loans","Dollars","Dollars","81","millions","6","v122667760","1.37.1","","..","","","0"
"2016-07","Canada","2016A000011124","Outstanding balances for non-mortgage loans, consumer credit, personal loan plans, Of which are auto loans","Dollars","Dollars","81","millions","6","v122667760","1.37.1","72029","","","","0"
"2016-08","Canada","2016A000011124","Outstanding balances for non-mortgage loans, consumer credit, personal loan plans, Of which are auto loans","Dollars","Dollars","81","millions","6","v122667760","1.37.1","72483","","","","0"
"2016-09","Canada","2016A000011124","Outstanding balances for non-mortgage loans, consumer credit, personal loan plans, Of which are auto loans","Dollars","Dollars","81","millions","6","v122667760","1.37.1","76187","","","","0"
"2016-10","Canada","2016A000011124","Outstanding balances for non-mortgage loans, consumer credit, personal loan plans, Of which are auto loans","Dollars","Dollars","81","millions","6","v122667760","1.37.1","77062","","","","0"
"2016-11","Canada","2016A000011124","Outstanding balances for non-mortgage loans, consumer credit, personal loan plans, Of which are auto loans","Dollars","Dollars","81","millions","6","v122667760","1.37.1","77096","","","","0"
"2016-12","Canada","2016A000011124","Outstanding balances for non-mortgage loans, consumer credit, personal loan plans, Of which are auto loans","Dollars","Dollars","81","millions","6","v122667760","1.37.1","76899","","","","0"
"2017-01","Canada","2016A000011124","Outstanding balances for non-mortgage loans, consumer credit, personal loan plans, Of which are auto loans","Dollars","Dollars","81","millions","6","v122667760","1.37.1","76729","","","","0"
"2017-02","Canada","2016A000011124","Outstanding balances for non-mortgage loans, consumer credit, personal loan plans, Of which are auto loans","Dollars","Dollars","81","millions","6","v122667760","1.37.1","76637","","","","0"
"2017-03","Canada","2016A000011124","Outstanding balances for non-mortgage loans, consumer credit, personal loan plans, Of which are auto loans","Dollars","Dollars","81","millions","6","v122667760","1.37.1","76917","","","","0"
"2017-04","Canada","2016A000011124","Outstanding balances for non-mortgage loans, consumer credit, personal loan plans, Of which are auto loans","Dollars","Dollars","81","millions","6","v122667760","1.37.1","77458","","","","0"
"2017-05","Canada","2016A000011124","Outstanding balances for non-mortgage loans, consumer credit, personal loan plans, Of which are auto loans","Dollars","Dollars","81","millions","6","v122667760","1.37.1","78314","","","","0"
"2017-06","Canada","2016A000011124","Outstanding balances for non-mortgage loans, consumer credit, personal loan plans, Of which are auto loans","Dollars","Dollars","81","millions","6","v122667760","1.37.1","79140","","","","0"
"2017-07","Canada","2016A000011124","Outstanding balances for non-mortgage loans, consumer credit, personal loan plans, Of which are auto loans","Dollars","Dollars","81","millions","6","v122667760","1.37.1","79820","","","","0"
"2017-08","Canada","2016A000011124","Outstanding balances for non-mortgage loans, consumer credit, personal loan plans, Of which are auto loans","Dollars","Dollars","81","millions","6","v122667760","1.37.1","80440","","","","0"
"2017-09","Canada","2016A000011124","Outstanding balances for non-mortgage loans, consumer credit, personal loan plans, Of which are auto loans","Dollars","Dollars","81","millions","6","v122667760","1.37.1","81038","","","","0"
"2017-10","Canada","2016A000011124","Outstanding balances for non-mortgage loans, consumer credit, personal loan plans, Of which are auto loans","Dollars","Dollars","81","millions","6","v122667760","1.37.1","81563","","","","0"
"2017-11","Canada","2016A000011124","Outstanding balances for non-mortgage loans, consumer credit, personal loan plans, Of which are auto loans","Dollars","Dollars","81","millions","6","v122667760","1.37.1","81849","","","","0"
"2017-12","Canada","2016A000011124","Outstanding balances for non-mortgage loans, consumer credit, personal loan plans, Of which are auto loans","Dollars","Dollars","81","millions","6","v122667760","1.37.1","81732","","","","0"
"2018-01","Canada","2016A000011124","Outstanding balances for non-mortgage loans, consumer credit, personal loan plans, Of which are auto loans","Dollars","Dollars","81","millions","6","v122667760","1.37.1","81608","","","","0"
"2018-02","Canada","2016A000011124","Outstanding balances for non-mortgage loans, consumer credit, personal loan plans, Of which are auto loans","Dollars","Dollars","81","millions","6","v122667760","1.37.1","81517","","","","0"
"2018-03","Canada","2016A000011124","Outstanding balances for non-mortgage loans, consumer credit, personal loan plans, Of which are auto loans","Dollars","Dollars","81","millions","6","v122667760","1.37.1","81724","","","","0"
"2018-04","Canada","2016A000011124","Outstanding balances for non-mortgage loans, consumer credit, personal loan plans, Of which are auto loans","Dollars","Dollars","81","millions","6","v122667760","1.37.1","82186","","","","0"
"2018-05","Canada","2016A000011124","Outstanding balances for non-mortgage loans, consumer credit, personal loan plans, Of which are auto loans","Dollars","Dollars","81","millions","6","v122667760","1.37.1","82948","","","","0"
"2018-06","Canada","2016A000011124","Outstanding balances for non-mortgage loans, consumer credit, personal loan plans, Of which are auto loans","Dollars","Dollars","81","millions","6","v122667760","1.37.1","83751","","","","0"
"2018-07","Canada","2016A000011124","Outstanding balances for non-mortgage loans, consumer credit, personal loan plans, Of which are auto loans","Dollars","Dollars","81","millions","6","v122667760","1.37.1","84463","","","","0"
"2018-08","Canada","2016A000011124","Outstanding balances for non-mortgage loans, consumer credit, personal loan plans, Of which are auto loans","Dollars","Dollars","81","millions","6","v122667760","1.37.1","85132","","","","0"
"2018-09","Canada","2016A000011124","Outstanding balances for non-mortgage loans, consumer credit, personal loan plans, Of which are auto loans","Dollars","Dollars","81","millions","6","v122667760","1.37.1","85648","","","","0"
"2018-10","Canada","2016A000011124","Outstanding balances for non-mortgage loans, consumer credit, personal loan plans, Of which are auto loans","Dollars","Dollars","81","millions","6","v122667760","1.37.1","86155","","","","0"
"2018-11","Canada","2016A000011124","Outstanding balances for non-mortgage loans, consumer credit, personal loan plans, Of which are auto loans","Dollars","Dollars","81","millions","6","v122667760","1.37.1","86208","","","","0"
"2018-12","Canada","2016A000011124","Outstanding balances for non-mortgage loans, consumer credit, personal loan plans, Of which are auto loans","Dollars","Dollars","81","millions","6","v122667760","1.37.1","85996","","","","0"
"2019-01","Canada","2016A000011124","Outstanding balances for non-mortgage loans, consumer credit, personal loan plans, Of which are auto loans","Dollars","Dollars","81","millions","6","v122667760","1.37.1","85793","","","","0"
"2019-02","Canada","2016A000011124","Outstanding balances for non-mortgage loans, consumer credit, personal loan plans, Of which are auto loans","Dollars","Dollars","81","millions","6","v122667760","1.37.1","85748","","","","0"
"2019-03","Canada","2016A000011124","Outstanding balances for non-mortgage loans, consumer credit, personal loan plans, Of which are auto loans","Dollars","Dollars","81","millions","6","v122667760","1.37.1","85988","","","","0"
"2019-04","Canada","2016A000011124","Outstanding balances for non-mortgage loans, consumer credit, personal loan plans, Of which are auto loans","Dollars","Dollars","81","millions","6","v122667760","1.37.1","86613","","","","0"
"2019-05","Canada","2016A000011124","Outstanding balances for non-mortgage loans, consumer credit, personal loan plans, Of which are auto loans","Dollars","Dollars","81","millions","6","v122667760","1.37.1","87402","","","","0"
"2019-06","Canada","2016A000011124","Outstanding balances for non-mortgage loans, consumer credit, personal loan plans, Of which are auto loans","Dollars","Dollars","81","millions","6","v122667760","1.37.1","88089","","","","0"
"2019-07","Canada","2016A000011124","Outstanding balances for non-mortgage loans, consumer credit, personal loan plans, Of which are auto loans","Dollars","Dollars","81","millions","6","v122667760","1.37.1","89026","","","","0"
"2019-08","Canada","2016A000011124","Outstanding balances for non-mortgage loans, consumer credit, personal loan plans, Of which are auto loans","Dollars","Dollars","81","millions","6","v122667760","1.37.1","89903","","","","0"
"2019-09","Canada","2016A000011124","Outstanding balances for non-mortgage loans, consumer credit, personal loan plans, Of which are auto loans","Dollars","Dollars","81","millions","6","v122667760","1.37.1","90650","","","","0"
"2019-10","Canada","2016A000011124","Outstanding balances for non-mortgage loans, consumer credit, personal loan plans, Of which are auto loans","Dollars","Dollars","81","millions","6","v122667760","1.37.1","91227","","","","0"
"2019-11","Canada","2016A000011124","Outstanding balances for non-mortgage loans, consumer credit, personal loan plans, Of which are auto loans","Dollars","Dollars","81","millions","6","v122667760","1.37.1","91345","","","","0"
"2019-12","Canada","2016A000011124","Outstanding balances for non-mortgage loans, consumer credit, personal loan plans, Of which are auto loans","Dollars","Dollars","81","millions","6","v122667760","1.37.1","91372","","","","0"
"2020-01","Canada","2016A000011124","Outstanding balances for non-mortgage loans, consumer credit, personal loan plans, Of which are auto loans","Dollars","Dollars","81","millions","6","v122667760","1.37.1","91275","","","","0"
"2020-02","Canada","2016A000011124","Outstanding balances for non-mortgage loans, consumer credit, personal loan plans, Of which are auto loans","Dollars","Dollars","81","millions","6","v122667760","1.37.1","91412","","","","0"
"2020-03","Canada","2016A000011124","Outstanding balances for non-mortgage loans, consumer credit, personal loan plans, Of which are auto loans","Dollars","Dollars","81","millions","6","v122667760","1.37.1","91086","","","","0"
"2020-04","Canada","2016A000011124","Outstanding balances for non-mortgage loans, consumer credit, personal loan plans, Of which are auto loans","Dollars","Dollars","81","millions","6","v122667760","1.37.1","89987","","","","0"
"2020-05","Canada","2016A000011124","Outstanding balances for non-mortgage loans, consumer credit, personal loan plans, Of which are auto loans","Dollars","Dollars","81","millions","6","v122667760","1.37.1","89756","","","","0"
"2020-06","Canada","2016A000011124","Outstanding balances for non-mortgage loans, consumer credit, personal loan plans, Of which are auto loans","Dollars","Dollars","81","millions","6","v122667760","1.37.1","90750","","","","0"
"2020-07","Canada","2016A000011124","Outstanding balances for non-mortgage loans, consumer credit, personal loan plans, Of which are auto loans","Dollars","Dollars","81","millions","6","v122667760","1.37.1","91746","","","","0"
"2020-08","Canada","2016A000011124","Outstanding balances for non-mortgage loans, consumer credit, personal loan plans, Of which are auto loans","Dollars","Dollars","81","millions","6","v122667760","1.37.1","92783","","","","0"


